time_Myr,temperature_cgs_K,density_nH_cgs_cm3,pressure_cgs_erg_cm3,gamma_eff,growth_rate_Myr_inv
0.0,1000000.0,0.0001,2.93006960950764e-14,0.0,0.00014426258909594827
5.0,999421.2028212663,0.00010005791323789208,2.93006960950764e-14,0.0,0.00014693211641401117
10.0,998841.9516943604,0.0001001159390936349,2.9300696095076394e-14,0.0,0.0001496052857088785
15.0,998262.2391404554,0.00010017407859291972,2.9300696095076394e-14,0.0,0.00015228213696503965
20.0,997682.0604942577,0.00010023233248321555,2.93006960950764e-14,0.0,0.00015496269725881001
25.0,997101.4198973404,0.00010029070062932596,2.93006960950764e-14,0.0,0.00015764695300616487
30.0,996520.3173497033,0.00010034918331214271,2.93006960950764e-14,0.0,0.00015986198237084086
35.0,995938.7528513465,0.00010040778081353158,2.93006960950764e-14,0.0,0.00016008865206792845
40.0,995356.7210087886,0.00010046649396072852,2.93006960950764e-14,0.0,0.00016031563647532366
45.0,994774.2177772347,0.00010052532344821341,2.9300696095076406e-14,0.0,0.00016054293764658972
50.0,994191.2482185651,0.00010058426905204037,2.93006960950764e-14,0.0,0.00016077055408359348
55.0,993607.8123327799,0.00010064333105958704,2.9300696095076394e-14,0.0,0.00016099848626296645
60.0,993023.9101198788,0.0001007025097592342,2.93006960950764e-14,0.0,0.00016122754908060822
65.0,992439.5356911834,0.00010076180603824405,2.93006960950764e-14,0.0,0.00016145801112504334
70.0,991854.6866118569,0.00010082122043663142,2.9300696095076406e-14,0.0,0.00016168879626685576
75.0,991269.3645983458,0.00010088075307413457,2.93006960950764e-14,0.0,0.0001619199043197416
80.0,990683.5686284871,0.00010094040434973709,2.93006960950764e-14,0.0,0.00016215133617939945
85.0,990097.2976801173,0.00010100017466395329,2.93006960950764e-14,0.0,0.00016238309274381943
90.0,989510.5500522058,0.00010106006448816951,2.93006960950764e-14,0.0,0.0001626165500044002
95.0,988923.325022157,0.00010112007419560003,2.93006960950764e-14,0.0,0.00016285088575981744
100.0,988335.6217440264,0.0001011802041734963,2.93006960950764e-14,0.0,0.0001630855517236642
105.0,987747.4391824952,0.00010124045482999638,2.93006960950764e-14,0.0,0.00016332054881612016
110.0,987158.7763022447,0.00010130082657481471,2.93006960950764e-14,0.0,0.0001635558779597352
115.0,986569.6320679561,0.0001013613198192501,2.93006960950764e-14,0.0,0.00016379162637221412
120.0,985980.005444311,0.00010142193497619368,2.93006960950764e-14,0.0,0.00016402957896596168
125.0,985389.8953959905,0.00010148267246013704,2.93006960950764e-14,0.0,0.00016426786916884896
130.0,984799.3008876757,0.0001015435326871803,2.93006960950764e-14,0.0,0.00016450649792074172
135.0,984208.2208840484,0.00010160451607504019,2.93006960950764e-14,0.0,0.00016474546616394498
140.0,983616.6543497895,0.00010166562304305844,2.9300696095076406e-14,0.0,0.0001649847748432171
145.0,983024.6002495805,0.00010172685401220984,2.93006960950764e-14,0.0,0.00016522525780607083
150.0,982432.0575481025,0.00010178820940511068,2.93006960950764e-14,0.0,0.00016546724008379476
155.0,981839.0248706058,0.00010184968968123747,2.93006960950764e-14,0.0,0.00016570956863174016
160.0,981245.4975713603,0.00010191129564161651,2.93006960950764e-14,0.0,0.00016595224588938443
165.0,980651.4776678896,0.0001019730273978808,2.93006960950764e-14,0.0,0.00016619527157540933
170.0,980056.9640641146,0.00010203488538596628,2.93006960950764e-14,0.0,0.00016643864668300698
175.0,979461.9556639564,0.0001020968700435252,2.9300696095076394e-14,0.0,0.00016668406734699555
180.0,978866.4513713355,0.00010215898180993512,2.9300696095076406e-14,0.0,0.00016693016821877252
185.0,978270.4500901733,0.00010222122112630753,2.93006960950764e-14,0.0,0.00016717662442969556
190.0,977673.9507243905,0.00010228358843549708,2.93006960950764e-14,0.0,0.00016742343699177698
195.0,977076.9521779078,0.00010234608418211039,2.93006960950764e-14,0.0,0.0001676706069197016
200.0,976479.4533546465,0.00010240870881251519,2.93006960950764e-14,0.0,0.00016791875709682835
205.0,975881.4531585273,0.00010247146277484944,2.93006960950764e-14,0.0,0.00016816870052673613
210.0,975282.950493471,0.00010253434651903047,2.93006960950764e-14,0.0,0.00016841900737168424
215.0,974683.9442633986,0.00010259736049676427,2.93006960950764e-14,0.0,0.00016866967866566984
220.0,974084.4333722312,0.00010266050516155467,2.93006960950764e-14,0.0,0.00016892071544544212
225.0,973484.4150013527,0.00010272378115047795,2.93006960950764e-14,0.0,0.0001691721194724696
230.0,972883.8867013787,0.00010278718906431476,2.9300696095076394e-14,0.0,0.0001694255861043199
235.0,972282.8494904868,0.00010285072913957477,2.93006960950764e-14,0.0,0.00016967981919157872
240.0,971681.3022088689,0.00010291440184418037,2.93006960950764e-14,0.0,0.00016993442544235222
245.0,971079.2436967174,0.00010297820764793475,2.93006960950764e-14,0.0,0.00017018940594386113
250.0,970476.6727942248,0.0001030421470225318,2.93006960950764e-14,0.0,0.00017044476178624117
255.0,969873.5883415833,0.00010310622044156608,2.93006960950764e-14,0.0,0.00017070126447783388
260.0,969269.9891789851,0.00010317042838054282,2.93006960950764e-14,0.0,0.0001709594985667732
265.0,968665.8741466227,0.00010323477131688799,2.93006960950764e-14,0.0,0.00017121811442513546
270.0,968061.2420846883,0.00010329924972995848,2.93006960950764e-14,0.0,0.00017147711316399265
275.0,967456.0918333742,0.00010336386410105223,2.93006960950764e-14,0.0,0.00017173649589742523
280.0,966850.4222328728,0.00010342861491341862,2.93006960950764e-14,0.0,0.00017199626374252882
285.0,966244.2321233763,0.00010349350265226872,2.93006960950764e-14,0.0,0.0001722584862653324
290.0,965637.5203450772,0.00010355852780478572,2.93006960950764e-14,0.0,0.00017252118893193802
295.0,965030.2833970484,0.00010362369111152171,2.93006960950764e-14,0.0,0.00017278428431691145
300.0,964422.5209028923,0.00010368899298035885,2.9300696095076394e-14,0.0,0.00017304777322109258
305.0,963814.2323239899,0.00010375443383822601,2.93006960950764e-14,0.0,0.00017331165651798087
310.0,963205.4163984357,0.0001038200141916918,2.93006960950764e-14,0.0,0.0001735772445977166
315.0,962596.071859838,0.00010388573454989212,2.93006960950764e-14,0.0,0.0001738441159813609
320.0,961986.1974373166,0.00010395159542454457,2.9300696095076394e-14,0.0,0.00017411138864496976
325.0,961375.7918555046,0.00010401759732996279,2.93006960950764e-14,0.0,0.00017437906380422404
330.0,960764.8538345471,0.0001040837407830709,2.93006960950764e-14,0.0,0.0001746471426801142
335.0,960153.382090102,0.00010415002630341814,2.9300696095076406e-14,0.0,0.00017491624656877072
340.0,959541.3753333397,0.00010421645441319351,2.93006960950764e-14,0.0,0.00017518736745074216
345.0,958928.8322709432,0.00010428302563724064,2.93006960950764e-14,0.0,0.00017545889912452844
350.0,958315.751605108,0.0001043497405030726,2.93006960950764e-14,0.0,0.00017573084284286709
355.0,957702.1320335423,0.00010441659954088693,2.93006960950764e-14,0.0,0.0001760031998639538
360.0,957087.972209807,0.0001044836032879103,2.93006960950764e-14,0.0,0.0001762759757138203
365.0,956473.2702616137,0.00010455075234109584,2.93006960950764e-14,0.0,0.00017655143017043405
370.0,955858.0253912023,0.00010461804718234507,2.93006960950764e-14,0.0,0.00017682730523574215
375.0,955242.2362736277,0.00010468548835329676,2.93006960950764e-14,0.0,0.00017710360220279923
380.0,954625.9015793493,0.00010475307639836537,2.93006960950764e-14,0.0,0.00017738032237032847
385.0,954009.0199742313,0.0001048208118647569,2.93006960950764e-14,0.0,0.00017765746704274458
390.0,953391.5901195427,0.0001048886953024846,2.93006960950764e-14,0.0,0.00017793680589692237
395.0,952773.6106719576,0.000104956727264385,2.93006960950764e-14,0.0,0.00017821711038117424
400.0,952155.0802835547,0.000105024908306134,2.93006960950764e-14,0.0,0.00017849784687329806
405.0,951535.9976018176,0.00010509323898626301,2.93006960950764e-14,0.0,0.00017877901671171706
410.0,950916.3612696347,0.00010516171986617522,2.93006960950764e-14,0.0,0.00017906062124071288
415.0,950296.1699252992,0.00010523035151016213,2.93006960950764e-14,0.0,0.00017934400831503606
420.0,949675.4222025092,0.00010529913448541996,2.93006960950764e-14,0.0,0.00017962883053677505
425.0,949054.1167303675,0.00010536806936206637,2.93006960950764e-14,0.0,0.0001799140951585183
430.0,948432.252133382,0.00010543715671315718,2.93006960950764e-14,0.0,0.00018019980355955806
435.0,947809.8270314651,0.00010550639711470329,2.93006960950764e-14,0.0,0.00018048595712521508
440.0,947186.8400399341,0.0001055757911456877,2.93006960950764e-14,0.0,0.00018077356619928801
445.0,946563.2897695114,0.00010564533938808259,2.93006960950764e-14,0.0,0.00018106299667050818
450.0,945939.174826324,0.00010571504242686657,2.93006960950764e-14,0.0,0.0001813528802282042
455.0,945314.4938119035,0.00010578490085004215,2.93006960950764e-14,0.0,0.0001816432182937459
460.0,944689.245323187,0.00010585491524865309,2.93006960950764e-14,0.0,0.00018193401229470355
465.0,944063.4279525155,0.00010592508621680216,2.93006960950764e-14,0.0,0.00018222602303578317
470.0,943437.0402876358,0.0001059954143516688,2.93006960950764e-14,0.0,0.00018252015452271784
475.0,942810.0809116988,0.00010606590025352705,2.9300696095076406e-14,0.0,0.00018281475008554595
480.0,942182.5484032604,0.00010613654452576352,2.93006960950764e-14,0.0,0.00018310981118895952
485.0,941554.4413362817,0.00010620734777489559,2.93006960950764e-14,0.0,0.00018340533930403236
490.0,940925.7582801282,0.00010627831061058958,2.93006960950764e-14,0.0,0.00018370193744775328
495.0,940296.4977995703,0.00010634943364567926,2.93006960950764e-14,0.0,0.0001840008650335773
500.0,939666.6584547835,0.00010642071749618428,2.93006960950764e-14,0.0,0.00018430026799653984
